{
  "info": {
    "name": "Mexico Profundo API",
    "_postman_id": "c4b2f6c4-8e73-4a11-a2d8-ff0a00000001",
    "schema": "https://schema.getpostman.com/json/collection/v2.1.0/collection.json"
  },
  "item": [
    {
      "name": "Health",
      "request": {
        "method": "GET",
        "url": {
          "raw": "http://localhost:4000/api/health",
          "protocol": "http",
          "host": [
            "localhost"
          ],
          "port": "4000",
          "path": [
            "api",
            "health"
          ]
        }
      }
    },
    {
      "name": "Register",
      "request": {
        "method": "POST",
        "header": [
          {
            "key": "Content-Type",
            "value": "application/json"
          }
        ],
        "body": {
          "mode": "raw",
          "raw": "{\n  \"email\": \"demo@mp.local\",\n  \"password\": \"Password123!\",\n  \"nombreCompleto\": \"Demo Oferente\",\n  \"nombreComercial\": \"Artesanias Demo\",\n  \"telefono\": \"5512345678\",\n  \"localidad\": \"CDMX\",\n  \"tipoActividad\": \"artesania\",\n  \"rfc\": \"XAXX010101000\",\n  \"datosBancarios\": {\n    \"banco\": \"Banco Demo\",\n    \"clabe\": \"012345678901234567\",\n    \"titular\": \"Demo Oferente\"\n  },\n  \"documentos\": {\n    \"ineUrl\": \"https://example.com/ine.jpg\",\n    \"constanciaFiscalUrl\": \"https://example.com/csf.pdf\"\n  }\n}"
        },
        "url": {
          "raw": "http://localhost:4000/api/auth/register",
          "protocol": "http",
          "host": [
            "localhost"
          ],
          "port": "4000",
          "path": [
            "api",
            "auth",
            "register"
          ]
        }
      }
    },
    {
      "name": "Login",
      "request": {
        "method": "POST",
        "header": [
          {
            "key": "Content-Type",
            "value": "application/json"
          }
        ],
        "body": {
          "mode": "raw",
          "raw": "{\n  \"email\": \"demo@mp.local\",\n  \"password\": \"Password123!\"\n}"
        },
        "url": {
          "raw": "http://localhost:4000/api/auth/login",
          "protocol": "http",
          "host": [
            "localhost"
          ],
          "port": "4000",
          "path": [
            "api",
            "auth",
            "login"
          ]
        }
      }
    },
    {
      "name": "Me",
      "request": {
        "method": "GET",
        "header": [
          {
            "key": "Authorization",
            "value": "Bearer {{token}}"
          }
        ],
        "url": {
          "raw": "http://localhost:4000/api/me",
          "protocol": "http",
          "host": [
            "localhost"
          ],
          "port": "4000",
          "path": [
            "api",
            "me"
          ]
        }
      }
    }
  ],
  "variable": [
    {
      "key": "token",
      "value": ""
    }
  ]
}